<?xml version="1.0" encoding="UTF-8"?>
<beans xmlns="http://www.springframework.org/schema/beans"
	xmlns:xsi="http://www.w3.org/2001/XMLSchema-instance"
	xsi:schemaLocation="http://www.springframework.org/schema/beans http://www.springframework.org/schema/beans/spring-beans.xsd">
	<bean id="Saram" class="com.mapple.myapp.model.Saram">
		<constructor-arg value="012"></constructor-arg>
		<constructor-arg value="홍"></constructor-arg>
		<constructor-arg value="길동"></constructor-arg>
		<constructor-arg value="하양"></constructor-arg>
		<constructor-arg value="21"></constructor-arg>
	</bean>

</beans>
