<?xml version="1.0" encoding="UTF-8" ?>
<!DOCTYPE configuration
  PUBLIC "-//mybatis.org//DTD Config 3.0//EN"
  "https://mybatis.org/dtd/mybatis-3-config.dtd">
<configuration>
	<environments default="development">
		<environment id="development">
			<transactionManager type="JDBC" />
			<dataSource type="POOLED">
				<property name="driver" value="org.h2.Driver" />
				<property name="url" value="jdbc:h2:tcp://localhost/~/test" />
				<property name="username" value="sa" />
				<property name="password" value="" />
			</dataSource>
		</environment>
	</environments>
	<mappers>
		<mapper resource="./SaramMaaper.xml" />
	</mappers>
</configuration>