<?xml version="1.0" encoding="UTF-8"?>
<beans xmlns="http://www.springframework.org/schema/beans"
	xmlns:xsi="http://www.w3.org/2001/XMLSchema-instance"
	xsi:schemaLocation="http://www.springframework.org/schema/beans https://www.springframework.org/schema/beans/spring-beans.xsd">

	<!-- Root Context: defines shared resources visible to all other web components -->
	<!-- WEB 환경에서 사용되는 applicationContext.xml 이다 -->
	<bean id="Saram" class="com.mapple.myapp.model.Saram">
		<constructor-arg value="0123"></constructor-arg>
		<constructor-arg value="홍"></constructor-arg>
		<constructor-arg value="길동"></constructor-arg>
		<constructor-arg value="하양"></constructor-arg>
		<constructor-arg value="25"></constructor-arg>
	</bean>


</beans>
